Unnamed: 0,Age,Gender,Education,University,Studies,AT,Social-time,Sports,Hobbys,Sleep,Studying,SMA_Salience,SMA_Tolerance,SMA_Mood_Modification,SMA_Relapse,SMA_Withdrawal,SMA_Conflict,Tired,Stressed,Sad,Anxious,Frustrated,Instagram,Tik Tok,Snapchat,Youtube,Texting_Apps,Twitter_Facebook,Discord_Reddit,Twitch,BSMAS_score,Emotion_score
3/9/2026 20:05:41,18,2,1,ETHZ,Engineering,Option 4,3,4,1,4,8,3,3,4,4,2,2,4,4,3,3,2,18,0,0,8,4,0,0,0,18,16
3/9/2026 20:05:42,19,1,1,ETHZ,Engineering,Option 4,1,11,4,4,10,1,1,1,2,2,1,5,3,1,2,1,0,0,0,17,1,0,0,0,8,12
3/9/2026 20:22:18,18,2,1,Leiden University ,Political sciences/international relations,Option 4,4,2,2,5,7,4,3,4,3,4,2,5,5,3,5,2,9,4,13,0,3,0,0,0,20,20
3/9/2026 20:31:00,19,2,1,ESCP / Pantheon Assas,Political sciences/international relations,Option 4,8,2,1,8,7,4,4,5,3,2,5,5,5,5,5,5,7,11,3,12,5,0,0,0,23,25
3/9/2026 20:35:01,22,2,1,ETHZ,Engineering,Option 4,5,4,3,6,9,3,1,1,1,1,1,4,3,1,1,1,0,0,0,3,4,4,1,0,8,10
3/9/2026 21:16:49,23,2,1,UZH,Law,Option 4,5,8,1,9,8,1,2,1,1,1,2,1,1,3,4,1,3,0,0,7,3,0,0,0,8,10
3/10/2026 0:10:59,18,2,1,ESCP business school,Buisness/Finance/Management,Option 4,7,5,1,1,7,3,2,1,1,1,2,5,4,2,5,5,7,10,1,0,2,0,0,0,10,21
3/10/2026 1:03:26,23,1,2,HSG,Buisness/Finance/Management,Option 4,8,3,4,5,7,1,2,3,4,1,2,2,2,1,2,3,20,0,0,5,3,0,0,0,13,10
3/10/2026 10:17:04,21,1,1,ETHZ,Math/Physics,Option 4,8,6,7,9,8,1,3,1,3,1,3,3,2,2,1,3,3,0,0,8,2,0,0,0,12,11
3/10/2026 10:18:33,18,1,1,ETHZ,Math/Physics,Option 4,7,5,1,8,6,2,1,3,1,1,2,2,1,2,2,2,0,0,0,15,5,0,0,3,10,9
3/10/2026 22:52:10,18,1,1,ETHZ,Math/Physics,Option 4,5,5,5,8,11,1,4,1,4,1,4,5,5,5,5,5,9,0,2,15,7,0,0,0,15,25
3/13/2026 12:05:16,22,1,2,Paris Creteil,Computer Sience,Option 4,11,4,6,7,7,4,3,3,4,3,5,4,5,1,5,4,16,3,0,23,31,19,43,15,22,19
3/13/2026 12:05:22,26,1,2,Paris Creteil,Engineering,Option 4,4,9,4,8,2,1,5,5,5,2,5,5,5,2,3,3,19,0,6,14,6,0,3,0,23,18
3/13/2026 12:06:51,23,2,2,Paris Creteil,Computer Sience,Option 4,5,2,4,6,6,2,2,4,2,1,2,4,3,3,4,4,0,0,0,4,1,0,0,0,13,18
3/13/2026 12:11:35,21,1,2,Paris Creteil,Computer Sience,Option 4,5,4,5,5,6,3,2,4,3,1,4,4,3,2,1,2,8,0,0,0,0,0,1,0,17,12
3/13/2026 12:13:27,25,2,2,Paris Creteil,Computer Sience,Option 4,3,4,4,6,11,2,3,1,3,2,1,4,4,2,3,4,34,29,0,0,36,27,0,0,12,17
3/13/2026 12:16:49,22,1,2,Paris Creteil,Computer Sience,Option 4,7,3,5,6,5,1,4,5,3,1,1,4,5,4,4,4,6,25,10,12,2,9,4,0,15,21
3/13/2026 12:27:05,28,1,2,Paris Creteil,Computer Sience,Option 4,8,11,5,7,2,4,3,1,5,1,3,3,2,3,2,1,0,0,0,18,0,10,0,0,17,11
3/13/2026 14:24:53,25,1,2,Paris Creteil,Computer Sience,Option 4,7,7,7,7,6,2,2,2,1,1,1,4,3,2,2,3,0,0,0,0,1,0,17,0,9,14
3/13/2026 16:02:39,24,2,2,Paris Creteil,Computer Sience,Option 4,9,6,6,6,1,2,4,5,4,1,4,5,5,5,5,4,1,6,1,5,4,0,0,3,20,24
3/13/2026 17:04:08,22,1,2,Paris Creteil,Computer Sience,Option 4,4,2,7,6,5,2,1,1,1,1,1,5,3,2,2,5,6,0,9,14,2,0,10,3,7,17
3/20/2026 14:47:59,21,1,1,HHN,Engineering,Option 4,3,6,4,8,4,4,3,3,3,2,3,5,4,3,3,4,14,13,3,0,10,1,0,0,18,19
3/20/2026 17:27:48,18,1,1,ETHZ,Engineering,Option 4,6,7,6,8,9,4,5,4,4,1,1,3,5,2,1,3,13,0,0,19,2,0,9,0,19,14
3/20/2026 17:32:42,22,1,1,ETHZ,Engineering,Option 4,4,6,3,7,4,1,2,2,3,4,4,4,4,2,4,4,4,0,0,2,0,0,0,0,16,18
3/20/2026 17:43:23,20,2,1,ETHZ,Engineering,Option 4,5,5,4,7,7,3,4,1,5,4,2,5,5,1,5,2,6,0,1,2,3,0,0,0,19,18
3/20/2026 17:44:15,18,2,1,ETHZ,Engineering,Option 4,7,5,4,7,7,2,2,3,4,1,4,5,4,3,5,4,15,0,0,2,5,0,0,0,16,21
3/20/2026 17:47:21,20,1,1,University college London ,Political sciences/international relations,Option 4,6,5,5,9,4,1,3,1,4,1,2,1,1,1,1,2,6,29,1,2,11,0,0,0,12,6
3/20/2026 17:50:26,21,2,1,ETHZ,Engineering,Option 4,4,7,4,8,7,2,2,4,4,3,2,2,3,1,4,2,16,0,0,0,6,0,0,0,17,12
3/20/2026 17:54:46,22,1,1,ETHZ,Engineering,Option 4,2,8,1,8,7,1,2,1,2,1,2,3,3,2,2,3,3,0,0,8,3,0,2,0,9,13
3/20/2026 17:57:12,22,1,1,ETHZ,Engineering,Option 4,4,8,4,9,5,2,4,3,3,2,2,3,4,2,1,2,0,0,0,6,6,0,0,0,16,12
3/20/2026 18:00:45,23,1,1,ETHZ,Engineering,Option 4,4,6,7,8,7,4,4,3,3,4,2,3,5,2,3,3,24,0,41,49,44,0,0,0,20,16
3/20/2026 18:00:56,18,1,1,ETHZ,Engineering,Option 4,4,5,2,4,9,3,4,5,5,4,5,5,2,3,3,4,0,0,0,25,10,0,0,0,26,17
3/20/2026 18:03:08,22,2,1,ETHZ,Engineering,Option 4,7,7,3,9,7,4,4,2,4,2,3,3,3,2,1,3,23,0,0,0,5,0,0,0,19,12
3/20/2026 18:10:06,19,1,1,Copenhagen Business School,Political science and international Business,Option 4,3,9,5,6,6,5,2,1,2,1,1,3,2,1,1,2,0,0,0,4,7,0,0,0,12,9
3/20/2026 18:11:00,19,1,1,ETHZ,Engineering,Option 4,7,5,4,6,6,2,1,4,1,1,3,4,3,3,4,3,0,0,0,0,2,0,0,0,12,17
3/20/2026 18:20:34,18,1,1,ETHZ,Engineering,Option 4,4,6,5,8,9,3,3,1,3,1,3,2,1,1,1,1,9,0,0,0,0,0,0,0,14,6
3/20/2026 18:22:36,23,1,1,ETHZ,Engineering,Option 4,4,8,3,7,7,1,1,1,1,1,1,1,2,2,1,3,0,0,0,7,5,0,0,0,6,9
3/20/2026 18:29:54,21,1,1,ETHZ,Engineering,Option 4,5,4,2,6,12,1,1,1,1,1,1,3,3,3,2,4,0,0,0,0,2,0,3,0,6,15
3/20/2026 18:31:24,23,1,1,ETHZ,Engineering,Option 4,4,6,1,7,4,3,2,3,2,1,2,3,4,3,4,5,1,0,0,2,2,0,0,0,13,19
3/20/2026 19:02:02,18,1,1,Berliner Hochschule für Technik (BHT) ,Engineering,Option 4,10,8,4,6,6,5,5,1,1,1,3,3,2,3,2,2,21,0,0,23,0,0,0,0,16,12
3/20/2026 19:02:14,23,2,2,ETHZ,Engineering,Option 4,7,7,2,9,7,3,2,5,1,1,4,1,2,4,3,2,0,0,0,16,2,0,0,0,16,12
3/20/2026 19:05:16,18,2,1,Université Catholique de Lille,Political sciences/international relations,Option 4,9,1,3,7,2,2,3,3,4,2,5,4,4,2,4,3,9,14,2,0,4,0,0,0,19,17
3/20/2026 19:06:25,18,2,1,ETHZ,Engineering,Option 4,6,7,3,6,6,4,3,3,4,2,4,5,4,3,3,3,6,17,0,0,4,0,0,0,20,18
3/20/2026 19:08:47,21,1,1,ETHZ,Engineering,Option 4,4,12,2,6,6,2,1,2,2,1,1,1,1,1,1,1,0,0,0,6,2,4,2,9,9,5
3/20/2026 19:31:01,22,2,1,ETHZ,Engineering,Option 4,6,4,6,6,8,1,2,4,3,2,3,4,5,4,4,4,3,0,0,8,7,0,0,0,15,21
3/20/2026 19:35:29,22,2,1,ETHZ,Engineering,Option 4,7,1,3,12,3,5,4,3,4,3,2,4,5,2,1,3,0,0,0,5,0,0,5,0,21,15
3/20/2026 20:09:07,20,1,1,ETHZ,Engineering,Option 4,4,7,4,6,9,2,2,3,2,1,4,5,3,2,4,2,13,0,0,1,0,0,0,0,14,16
3/20/2026 20:26:43,18,1,1,ETHZ,Engineering,Option 4,6,3,3,7,12,2,2,2,1,1,1,5,4,1,3,2,0,0,1,0,2,0,0,0,9,15
3/20/2026 20:48:39,18,2,1,ETHZ,Engineering,Option 4,2,8,2,7,4,2,3,5,4,5,5,3,4,2,5,4,0,4,4,20,1,0,0,0,24,18
3/20/2026 21:45:02,22,1,1,ETHZ,Engineering,Option 4,4,6,3,9,8,2,3,2,2,1,2,2,2,2,2,2,0,0,0,9,4,0,0,0,12,10
3/20/2026 22:58:46,21,1,1,ETHZ,Engineering,Option 4,7,4,3,8,7,2,4,4,4,3,4,3,1,2,2,2,6,0,0,4,1,0,0,0,21,10
3/20/2026 23:08:58,19,1,1,ETHZ,Engineering,Option 4,4,7,3,7,7,5,5,5,5,5,2,2,3,4,3,5,0,0,0,21,5,0,0,0,27,17
3/21/2026 0:41:37,23,1,1,ETHZ,Engineering,Option 4,4,12,3,9,9,1,1,1,1,1,1,1,1,1,1,1,0,0,0,0,7,0,2,0,6,5
3/21/2026 14:27:38,20,2,1,EPFL ,Engineering,Option 4,7,4,1,6,10,4,4,2,3,2,2,5,4,3,2,3,5,5,1,0,10,0,0,0,17,17
3/22/2026 19:39:35,24,2,2,ETHZ,Engineering,Option 4,9,5,7,7,7,2,4,4,4,2,3,3,5,2,2,3,9,0,0,16,1,0,4,0,19,15
3/22/2026 22:48:54,22,1,1,ETHZ,Engineering,Option 4,1,7,5,8,7,1,2,4,2,1,1,3,2,3,3,4,0,0,0,4,4,0,0,0,11,15
3/22/2026 22:49:28,22,1,1,Hochschule Pforzheim,Engineering,Option 4,8,8,7,6,4,3,3,3,3,3,3,4,3,1,2,2,25,24,24,9,23,0,0,0,18,12
3/23/2026 18:23:51,19,1,1,ETHZ,Engineering,Option 4,5,4,4,8,10,3,1,3,1,2,3,3,3,3,3,3,0,0,0,6,0,0,0,0,13,15
3/23/2026 20:54:11,19,1,1,ETHZ,Engineering,Option 4,9,2,9,6,5,5,5,5,4,3,4,4,3,3,3,2,1,0,0,4,2,0,0,0,26,15
3/23/2026 23:18:12,23,2,2,Newcastle University,Architecture and Urban Design ,Option 4,1,1,8,9,10,2,1,1,2,2,1,5,4,1,3,4,0,9,0,6,5,11,0,0,9,17
3/24/2026 7:49:38,20,1,1,ETHZ,Engineering,Option 4,4,7,2,7,12,1,4,1,3,1,4,4,5,2,2,3,10,0,0,3,10,0,0,0,14,16
3/24/2026 17:38:37,23,1,1,Université Catholique de Louvain,Political sciences/international relations,Option 4,8,6,5,7,2,4,5,3,5,4,4,5,3,3,4,4,14,2,0,7,5,16,0,1,25,19
3/24/2026 18:24:07,18,1,1,ETHZ,Engineering,Option 4,3,2,5,9,9,2,1,1,3,1,2,4,1,4,2,3,0,0,0,11,6,0,0,0,10,14
3/27/2026 17:17:51,26,1,2,Paris Creteil,Computer Sience,Option 4,6,3,9,9,6,1,1,3,1,1,1,5,5,3,5,2,4,0,0,5,6,4,2,0,8,20
3/27/2026 17:27:49,22,1,2,Paris Creteil,Computer Sience,Option 4,7,5,3,8,2,1,1,1,1,1,2,3,2,1,1,1,0,7,1,0,3,7,0,0,7,8
3/27/2026 17:28:05,24,1,2,Paris Creteil,Computer Sience,Option 4,4,2,1,9,6,3,4,3,4,1,4,4,3,3,4,2,20,2,0,11,1,0,0,0,19,16
3/27/2026 17:33:31,25,1,2,Paris Creteil,Computer Sience,Option 4,4,9,5,6,3,2,2,4,2,2,2,4,4,2,4,4,2,0,0,29,4,0,4,0,14,18
3/27/2026 17:44:14,23,2,2,Paris Creteil,Computer Sience,Option 4,4,4,1,7,6,2,3,3,3,3,2,5,4,3,4,3,9,0,0,5,4,3,0,0,16,19
3/30/2026 13:11:52,18,1,1,Universität Münster,Law,Option 4,4,8,1,9,7,2,1,1,2,1,1,2,3,1,1,2,0,0,0,2,0,0,0,0,8,9
4/1/2026 12:17:39,20,2,1,ETHZ,Math/Physics,Option 4,5,2,4,7,5,3,3,4,4,3,4,4,4,2,2,2,1,0,0,0,2,0,0,0,21,14
4/1/2026 12:18:09,21,2,1,ETHZ,Math/Physics,Option 4,9,3,2,5,5,5,4,5,4,3,5,4,5,5,5,5,21,13,0,6,5,0,0,0,26,24
4/1/2026 12:18:26,27,1,3,ETHZ,Computer Sience,Option 4,5,6,5,6,9,3,3,2,4,2,4,4,4,2,2,4,12,0,0,0,29,0,0,0,18,16
4/1/2026 12:18:35,21,1,1,UZH,Buisness/Finance/Management,Option 4,2,4,6,8,6,1,2,3,2,2,1,2,4,2,3,2,1,0,0,3,9,0,0,0,11,13
4/1/2026 12:20:46,21,1,2,ETHZ,Computer Sience,Option 4,5,5,1,7,7,2,2,3,2,1,1,3,3,2,2,3,5,0,0,15,4,0,0,0,11,13
4/1/2026 12:20:48,24,1,3,ETHZ,Computer Sience,Option 4,8,5,4,9,12,3,2,1,1,1,1,3,4,2,3,2,0,0,0,10,5,0,0,0,9,14
4/1/2026 12:21:01,24,2,1,UZH,Buisness/Finance/Management,Option 4,6,6,5,6,4,3,3,2,3,1,1,5,4,3,5,3,2,0,0,0,3,0,0,0,13,20
4/1/2026 12:21:34,23,1,2,ETHZ,Engineering,Option 4,7,4,5,6,5,4,3,4,4,3,2,4,4,4,4,2,39,28,0,23,17,0,20,0,20,18
4/1/2026 12:22:44,24,1,2,ETHZ,Engineering,Option 4,5,6,4,9,8,3,5,4,2,2,1,2,3,3,4,2,7,0,0,0,8,0,0,0,17,14
4/1/2026 12:23:07,20,2,1,ETHZ,Math/Physics,Option 4,7,4,1,7,9,1,2,1,4,1,3,3,2,2,2,3,1,10,0,0,18,0,0,0,12,12
4/1/2026 12:23:17,19,2,1,ETHZ,Math/Physics,Option 4,7,4,1,7,8,1,2,1,3,1,2,3,2,2,1,3,6,9,0,0,7,0,0,0,10,11
4/1/2026 12:24:03,22,1,2,ETHZ,Engineering,Option 4,5,7,4,8,8,4,2,2,5,2,4,2,3,2,2,2,4,0,0,4,19,0,2,0,19,11
4/1/2026 12:24:19,18,1,1,ETHZ,Engineering,Option 4,5,1,4,8,7,1,4,3,5,2,4,2,1,2,1,4,4,0,0,18,4,0,0,0,19,10
4/1/2026 12:24:21,19,1,1,ETHZ,Engineering,Option 4,7,4,2,6,9,1,2,2,1,1,3,4,5,2,4,3,17,0,0,0,44,0,0,0,10,18
4/1/2026 12:24:43,22,2,2,ETHZ,Engineering,Option 4,6,6,5,8,7,1,1,3,3,1,5,2,1,3,1,2,0,0,5,4,8,0,0,0,14,9
4/1/2026 12:24:56,25,2,2,ETHZ,Engineering,Option 4,4,4,5,8,9,1,1,2,2,2,1,3,3,3,3,2,0,0,0,6,2,0,0,0,9,14
4/1/2026 12:25:10,18,1,1,UZH,Communication,Option 4,6,11,5,6,1,3,4,4,3,2,2,4,2,2,3,2,16,12,0,6,12,0,0,0,18,13
4/1/2026 12:25:41,25,1,2,EPFL,Engineering,Option 4,2,4,5,7,7,2,1,2,1,1,1,4,2,1,2,3,0,0,0,1,1,0,0,0,8,12
4/1/2026 12:27:01,29,2,2,UZH,Computer Sience,Option 4,9,6,5,9,9,1,2,3,1,1,2,3,3,1,2,1,1,0,0,4,6,0,0,0,10,10
4/1/2026 12:27:08,18,1,1,UZH,Philosophy,Option 4,5,1,5,6,4,3,4,3,4,2,2,5,4,3,5,4,7,0,1,5,3,0,5,0,18,21
4/1/2026 12:27:59,22,1,1,UZH,Computer Sience,Option 4,9,7,5,6,8,1,4,1,5,1,3,4,3,1,1,4,8,8,7,10,5,0,7,0,15,13
4/1/2026 12:28:40,23,1,1,UZH,Computer Sience,Option 4,6,5,4,6,3,2,3,4,4,1,4,3,5,2,4,4,1,0,0,3,4,0,15,0,18,18
4/1/2026 12:29:43,18,1,1,UZH,Computer Sience,Option 4,8,4,4,6,7,3,3,5,4,3,4,3,4,3,3,4,9,0,0,28,9,0,0,0,22,17
4/1/2026 12:29:59,21,1,1,UZH,Computer Sience,Option 4,4,4,4,7,5,4,2,4,4,1,4,5,5,2,4,5,27,0,19,25,7,0,12,0,19,21
4/1/2026 12:30:25,19,1,1,UZH,History,Option 4,5,3,6,6,6,4,4,5,2,3,4,3,4,4,3,2,10,0,0,22,11,4,23,0,22,16
4/1/2026 12:31:50,20,2,1,UZH,Languages/Literature,Option 4,5,6,4,8,7,2,1,3,1,1,1,4,5,3,3,3,0,0,0,0,10,0,0,0,9,18
4/1/2026 12:32:52,20,2,1,UZH,Languages/Literature,Option 4,5,7,6,7,6,2,1,3,1,1,1,3,3,2,3,3,1,9,0,4,12,0,0,0,9,14
4/1/2026 12:33:41,19,2,1,UZH,Social Studies/Gender Studies,Option 4,9,6,5,6,7,1,1,2,4,1,1,4,3,2,2,3,0,0,0,0,5,0,0,0,10,14
4/1/2026 12:33:50,21,1,1,ETHZ,Engineering,Option 4,5,4,4,7,9,2,2,2,1,1,1,2,3,1,1,3,0,0,0,4,5,0,0,0,9,10
4/1/2026 12:34:03,22,1,1,ETHZ,Engineering,Option 4,8,4,5,9,7,3,2,2,3,2,2,4,4,1,2,3,0,0,0,9,8,0,0,0,14,14
4/1/2026 12:37:24,22,1,1,ETHZ,Engineering,Option 4,4,2,3,6,7,2,1,2,3,1,2,3,3,1,2,2,0,0,0,12,1,0,3,0,11,11
4/1/2026 12:37:44,18,1,1,ETHZ,Engineering,Option 4,8,2,3,6,7,2,1,2,5,1,3,4,4,2,2,4,0,0,0,18,1,0,4,0,14,16
4/1/2026 12:44:28,20,1,1,UZH,Buisness/Finance/Management,Option 4,4,9,5,9,5,2,4,3,2,4,4,4,2,3,2,2,6,7,0,8,4,0,0,0,19,13
4/1/2026 12:45:58,29,1,2,ETHZ,Engineering,Option 4,3,8,2,9,4,1,1,2,2,1,1,2,2,2,2,2,0,0,0,14,2,0,0,0,8,10
4/1/2026 12:48:47,26,1,2,ETHZ,Engineering,Option 4,8,4,6,6,2,1,2,1,3,1,4,5,3,2,2,2,14,0,0,13,2,0,27,0,12,14
4/1/2026 12:49:47,23,3,1,UZH,Languages/Literature,Option 4,6,5,5,9,1,2,4,5,4,4,4,5,5,5,5,4,13,0,0,14,16,0,0,0,23,24
4/1/2026 12:52:16,28,1,3,ETHZ,Computer Sience,Option 4,1,6,5,8,2,1,1,1,2,1,2,2,2,2,1,3,0,0,0,5,5,0,0,0,8,10
4/1/2026 12:57:08,23,1,1,UZH,Law,Option 4,7,2,4,6,6,2,1,1,4,3,4,5,2,1,5,5,14,0,10,30,14,0,3,5,15,18
4/1/2026 13:00:19,23,1,2,ETHZ,Engineering,Option 4,9,3,7,9,5,1,1,1,1,1,1,3,1,3,1,1,3,0,0,3,4,0,0,0,6,9
4/1/2026 13:07:54,20,2,1,ETHZ,Environnemental Studies,Option 4,5,4,4,9,6,2,3,2,2,1,1,2,3,1,1,1,15,0,0,0,5,0,0,0,11,8
4/1/2026 13:11:25,20,2,1,ETHZ,Environnemental Studies,Option 4,7,4,1,8,5,1,1,3,1,1,2,5,3,2,1,2,4,0,0,0,9,0,0,0,9,13
4/1/2026 13:39:21,26,1,2,UZH,Psychology,Option 4,5,4,4,6,6,1,3,2,4,1,3,2,4,1,2,2,14,0,0,22,5,0,0,0,14,11
4/1/2026 14:56:44,21,2,1,UZH,Social Studies/Gender Studies,Option 4,12,6,5,9,3,4,4,4,5,2,5,4,4,1,1,1,1,5,4,3,4,0,0,0,24,11
4/1/2026 18:26:57,22,1,2,ETHZ,Engineering,Option 4,3,8,5,6,8,3,2,2,2,1,1,2,2,2,1,1,0,0,0,1,1,0,0,0,11,8
