Unnamed: 0,Email,Age,Gender,Education,University,Studies,AT,Social-time,Sports,Hobbys,Sleep,Studying,SMA_Salience,SMA_Tolerance,SMA_Mood_Modification,SMA_Relapse,SMA_Withdrawal,SMA_Conflict,Tired,Stressed,Sad,Anxious,Frustrated,Instagram,Tik Tok,Snapchat,Youtube,Texting_Apps,Twitter_Facebook,Discord_Reddit,Twitch
3/9/2026 20:05:41,,18,Female,Bachelor,ETHZ,Engineering,Option 4,3,4,1,4,8,3,3,4,4,2,2,4,4,3,3,2,18,0,0,8,4,0,0,0
3/9/2026 20:05:42,,19,Male,Bachelor,ETHZ,Engineering,Option 4,1,11,4,4,10,1,1,1,2,2,1,5,3,1,2,1,0,0,0,17,1,0,0,0
3/9/2026 20:22:18,,18,Female,Bachelor,Leiden University ,Political sciences/international relations,Option 4,4,2,2,5,7,4,3,4,3,4,2,5,5,3,5,2,9,4,13,0,3,0,0,0
3/9/2026 20:31:00,paulinelieb07@gmail.com,19,Female,Bachelor,ESCP / Pantheon Assas,Political sciences/international relations,Option 4,8,2,1,8,7,4,4,5,3,2,5,5,5,5,5,5,7,11,3,12,5,0,0,0
3/9/2026 20:35:01,,22,Female,Bachelor,ETHZ,Engineering,Option 4,5,4,3,6,9,3,1,1,1,1,1,4,3,1,1,1,0,0,0,3,4,4,1,0
3/9/2026 21:16:49,edda.su.kaymak@gmail.com,23,Female,Bachelor,UZH,Law,Option 4,5,8,1,9,8,1,2,1,1,1,2,1,1,3,4,1,3,0,0,7,3,0,0,0
3/10/2026 0:10:59,alix.cn.vernet@gmail.com,18,Female,Bachelor,ESCP business school,Buisness/Finance/Management,Option 4,7,5,1,1,7,3,2,1,1,1,2,5,4,2,5,5,7,10,1,0,2,0,0,0
3/10/2026 1:03:26,,23,Male,Master,HSG,Buisness/Finance/Management,Option 4,8,3,4,5,7,1,2,3,4,1,2,2,2,1,2,3,20,0,0,5,3,0,0,0
3/10/2026 10:17:04,noah.meyer0507@gmail.com,21,Male,Bachelor,ETHZ,Math/Physics,Option 4,8,6,7,9,8,1,3,1,3,1,3,3,2,2,1,3,3,0,0,8,2,0,0,0
3/10/2026 10:18:33,,18,Male,Bachelor,ETHZ,Math/Physics,Option 4,7,5,1,8,6,2,1,3,1,1,2,2,1,2,2,2,0,0,0,15,5,0,0,3
3/10/2026 22:52:10,yven.kius@gmail.com,18,Male,Bachelor,ETHZ,Math/Physics,Option 4,5,5,5,8,11,1,4,1,4,1,4,5,5,5,5,5,9,0,2,15,7,0,0,0
3/11/2026 6:57:31,,32,Female,PhD,Paris Creteil,Law,Option 4,3,3,2,2,12,1,1,1,1,1,1,3,2,1,1,1,0,0,0,0,1,0,0,0
3/13/2026 12:05:16,giffard.axel95@gmail.com,22,Male,Master,Paris Creteil,Computer Sience,Option 4,11,4,6,7,7,4,3,3,4,3,5,4,5,1,5,4,16,3,0,23,31,19,43,15
3/13/2026 12:05:22,clem8260@gmail.com,26,Male,Master,Paris Creteil,Engineering,Option 4,4,9,4,8,2,1,5,5,5,2,5,5,5,2,3,3,19,0,6,14,6,0,3,0
3/13/2026 12:06:51,fathia04.abdou@gmail.com,23,Female,Master,Paris Creteil,Computer Sience,Option 4,5,2,4,6,6,2,2,4,2,1,2,4,3,3,4,4,0,0,0,4,1,0,0,0
3/13/2026 12:11:35,yassinearrault@gmail.com,21,Male,Master,Paris Creteil,Computer Sience,Option 4,5,4,5,5,6,3,2,4,3,1,4,4,3,2,1,2,8,0,0,0,0,0,1,0
3/13/2026 12:13:27,ishimwegraciella@gmail.com,25,Female,Master,Paris Creteil,Computer Sience,Option 4,3,4,4,6,11,2,3,1,3,2,1,4,4,2,3,4,34,29,0,0,36,27,0,0
3/13/2026 12:16:49,abdenour.allaouat2@gmail.com,22,Male,Master,Paris Creteil,Computer Sience,Option 4,7,3,5,6,5,1,4,5,3,1,1,4,5,4,4,4,6,25,10,12,2,9,4,0
3/13/2026 12:27:05,saidkamalshinwari098@gmail.com,28,Male,Master,Paris Creteil,Computer Sience,Option 4,8,11,5,7,2,4,3,1,5,1,3,3,2,3,2,1,0,0,0,18,0,10,0,0
3/13/2026 14:24:53,,25,Male,Master,Paris Creteil,Computer Sience,Option 4,7,7,7,7,6,2,2,2,1,1,1,4,3,2,2,3,0,0,0,0,1,0,17,0
3/13/2026 16:02:39,B.fiona.03@gmail.com,24,Female,Master,Paris Creteil,Computer Sience,Option 4,9,6,6,6,1,2,4,5,4,1,4,5,5,5,5,4,1,6,1,5,4,0,0,3
3/13/2026 17:04:08,nateburbank@protonmail.com,22,Male,Master,Paris Creteil,Computer Sience,Option 4,4,2,7,6,5,2,1,1,1,1,1,5,3,2,2,5,6,0,9,14,2,0,10,3
3/20/2026 14:47:59,valerio.russo187@yahoo.com,21,Male,Bachelor,HHN,Engineering,Option 4,3,6,4,8,4,4,3,3,3,2,3,5,4,3,3,4,14,13,3,0,10,1,0,0
3/20/2026 17:27:48,alex_welz@gmx.de,18,Male,Bachelor,ETHZ,Engineering,Option 4,6,7,6,8,9,4,5,4,4,1,1,3,5,2,1,3,13,0,0,19,2,0,9,0
3/20/2026 17:32:42,pvargas@ethz.ch,22,Male,Bachelor,ETHZ,Engineering,Option 4,4,6,3,7,4,1,2,2,3,4,4,4,4,2,4,4,4,0,0,2,0,0,0,0
3/20/2026 17:43:23,,20,Female,Bachelor,ETHZ,Engineering,Option 4,5,5,4,7,7,3,4,1,5,4,2,5,5,1,5,2,6,0,1,2,3,0,0,0
3/20/2026 17:44:15,ginebrayr@gmail.com,18,Female,Bachelor,ETHZ,Engineering,Option 4,7,5,4,7,7,2,2,3,4,1,4,5,4,3,5,4,15,0,0,2,5,0,0,0
3/20/2026 17:47:21,,20,Male,Bachelor,University college London ,Political sciences/international relations,Option 4,6,5,5,9,4,1,3,1,4,1,2,1,1,1,1,2,6,29,1,2,11,0,0,0
3/20/2026 17:50:26,rugile.urnieziute@gmail.com,21,Female,Bachelor,ETHZ,Engineering,Option 4,4,7,4,8,7,2,2,4,4,3,2,2,3,1,4,2,16,0,0,0,6,0,0,0
3/20/2026 17:54:46,destin.luedi@gmail.com,22,Male,Bachelor,ETHZ,Engineering,Option 4,2,8,1,8,7,1,2,1,2,1,2,3,3,2,2,3,3,0,0,8,3,0,2,0
3/20/2026 17:57:12,,22,Male,Bachelor,ETHZ,Engineering,Option 4,4,8,4,9,5,2,4,3,3,2,2,3,4,2,1,2,0,0,0,6,6,0,0,0
3/20/2026 18:00:45,ssivanatha@ethz.ch,23,Male,Bachelor,ETHZ,Engineering,Option 4,4,6,7,8,7,4,4,3,3,4,2,3,5,2,3,3,24,0,41,49,44,0,0,0
3/20/2026 18:00:56,my.insecure.mail1@gmail.com,18,Male,Bachelor,ETHZ,Engineering,Option 4,4,5,2,4,9,3,4,5,5,4,5,5,2,3,3,4,0,0,0,25,10,0,0,0
3/20/2026 18:03:08,Avoncapeller@ethz.ch,22,Female,Bachelor,ETHZ,Engineering,Option 4,7,7,3,9,7,4,4,2,4,2,3,3,3,2,1,3,23,0,0,0,5,0,0,0
3/20/2026 18:10:06,elliott.apostolatos@gmail.com,19,Male,Bachelor,Copenhagen Business School,Political science and international Business,Option 4,3,9,5,6,6,5,2,1,2,1,1,3,2,1,1,2,0,0,0,4,7,0,0,0
3/20/2026 18:11:00,arheym@ethz.ch,19,Male,Bachelor,ETHZ,Engineering,Option 4,7,5,4,6,6,2,1,4,1,1,3,4,3,3,4,3,0,0,0,0,2,0,0,0
3/20/2026 18:20:34,,18,Male,Bachelor,ETHZ,Engineering,Option 4,4,6,5,8,9,3,3,1,3,1,3,2,1,1,1,1,9,0,0,0,0,0,0,0
3/20/2026 18:22:36,,23,Male,Bachelor,ETHZ,Engineering,Option 4,4,8,3,7,7,1,1,1,1,1,1,1,2,2,1,3,0,0,0,7,5,0,0,0
3/20/2026 18:29:54,,21,Male,Bachelor,ETHZ,Engineering,Option 4,5,4,2,6,12,1,1,1,1,1,1,3,3,3,2,4,0,0,0,0,2,0,3,0
3/20/2026 18:31:24,egorgos@ethz.ch,23,Male,Bachelor,ETHZ,Engineering,Option 4,4,6,1,7,4,3,2,3,2,1,2,3,4,3,4,5,1,0,0,2,2,0,0,0
3/20/2026 18:50:07,lucie.email.com@gmail.com,20,Female,Bachelor,ETHZ,Engineering,Option 3,4,4,5,9,8,1,5,5,3,1,4,5,5,1,1,1,1,0,0,0,9,0,0,0
3/20/2026 19:02:02,brunoj.h20061@gmail.com,18,Male,Bachelor,Berliner Hochschule für Technik (BHT) ,Engineering,Option 4,10,8,4,6,6,5,5,1,1,1,3,3,2,3,2,2,21,0,0,23,0,0,0,0
3/20/2026 19:02:14,Dchaouat@ethz.ch,23,Female,Master,ETHZ,Engineering,Option 4,7,7,2,9,7,3,2,5,1,1,4,1,2,4,3,2,0,0,0,16,2,0,0,0
3/20/2026 19:05:16,,18,Female,Bachelor,Université Catholique de Lille,Political sciences/international relations,Option 4,9,1,3,7,2,2,3,3,4,2,5,4,4,2,4,3,9,14,2,0,4,0,0,0
3/20/2026 19:06:25,,18,Female,Bachelor,ETHZ,Engineering,Option 4,6,7,3,6,6,4,3,3,4,2,4,5,4,3,3,3,6,17,0,0,4,0,0,0
3/20/2026 19:08:47,eric.huerzeler@gmail.com,21,Male,Bachelor,ETHZ,Engineering,Option 4,4,12,2,6,6,2,1,2,2,1,1,1,1,1,1,1,0,0,0,6,2,4,2,9
3/20/2026 19:31:01,irem.gabay@gmail.com,22,Female,Bachelor,ETHZ,Engineering,Option 4,6,4,6,6,8,1,2,4,3,2,3,4,5,4,4,4,3,0,0,8,7,0,0,0
3/20/2026 19:35:29,,22,Female,Bachelor,ETHZ,Engineering,Option 4,7,1,3,12,3,5,4,3,4,3,2,4,5,2,1,3,0,0,0,5,0,0,5,0
3/20/2026 20:09:07,,20,Male,Bachelor,ETHZ,Engineering,Option 4,4,7,4,6,9,2,2,3,2,1,4,5,3,2,4,2,13,0,0,1,0,0,0,0
3/20/2026 20:26:43,lmuehlhaeuse@ethz.ch,18,Male,Bachelor,ETHZ,Engineering,Option 4,6,3,3,7,12,2,2,2,1,1,1,5,4,1,3,2,0,0,1,0,2,0,0,0
3/20/2026 20:48:39,mstuedemann@student.ethz.ch,18,Female,Bachelor,ETHZ,Engineering,Option 4,2,8,2,7,4,2,3,5,4,5,5,3,4,2,5,4,0,4,4,20,1,0,0,0
3/20/2026 21:45:02,,22,Male,Bachelor,ETHZ,Engineering,Option 4,4,6,3,9,8,2,3,2,2,1,2,2,2,2,2,2,0,0,0,9,4,0,0,0
3/20/2026 22:58:46,,21,Male,Bachelor,ETHZ,Engineering,Option 4,7,4,3,8,7,2,4,4,4,3,4,3,1,2,2,2,6,0,0,4,1,0,0,0
3/20/2026 23:08:58,georg.jussel05@gmail.com,19,Male,Bachelor,ETHZ,Engineering,Option 4,4,7,3,7,7,5,5,5,5,5,2,2,3,4,3,5,0,0,0,21,5,0,0,0
3/21/2026 0:41:37,,23,Male,Bachelor,ETHZ,Engineering,Option 4,4,12,3,9,9,1,1,1,1,1,1,1,1,1,1,1,0,0,0,0,7,0,2,0
3/21/2026 14:27:38,alice_emma_angele@yahoo.de,20,Female,Bachelor,EPFL ,Engineering,Option 4,7,4,1,6,10,4,4,2,3,2,2,5,4,3,2,3,5,5,1,0,10,0,0,0
3/22/2026 19:39:35,lwuethri@student.ethz.ch,24,Female,Master,ETHZ,Engineering,Option 4,9,5,7,7,7,2,4,4,4,2,3,3,5,2,2,3,9,0,0,16,1,0,4,0
3/22/2026 22:48:54,Dheufelder@student.ehtz.ch,22,Male,Bachelor,ETHZ,Engineering,Option 4,1,7,5,8,7,1,2,4,2,1,1,3,2,3,3,4,0,0,0,4,4,0,0,0
3/22/2026 22:49:28,marcocasula101@gmail.com,22,Male,Bachelor,Hochschule Pforzheim,Engineering,Option 4,8,8,7,6,4,3,3,3,3,3,3,4,3,1,2,2,25,24,24,9,23,0,0,0
3/23/2026 18:23:51,,19,Male,Bachelor,ETHZ,Engineering,Option 4,5,4,4,8,10,3,1,3,1,2,3,3,3,3,3,3,0,0,0,6,0,0,0,0
3/23/2026 20:54:11,dpopovici@ethz.ch,19,Male,Bachelor,ETHZ,Engineering,Option 4,9,2,9,6,5,5,5,5,4,3,4,4,3,3,3,2,1,0,0,4,2,0,0,0
3/23/2026 23:18:12,aligeraen@gmail.com,23,Female,Master,Newcastle University,Architecture and Urban Design ,Option 4,1,1,8,9,10,2,1,1,2,2,1,5,4,1,3,4,0,9,0,6,5,11,0,0
3/24/2026 7:49:38,,20,Male,Bachelor,ETHZ,Engineering,Option 4,4,7,2,7,12,1,4,1,3,1,4,4,5,2,2,3,10,0,0,3,10,0,0,0
3/24/2026 17:38:37,benjetchebarne@gmail.com,23,Male,Bachelor,Université Catholique de Louvain,Political sciences/international relations,Option 4,8,6,5,7,2,4,5,3,5,4,4,5,3,3,4,4,14,2,0,7,5,16,0,1
3/24/2026 18:24:07,,18,Male,Bachelor,ETHZ,Engineering,Option 4,3,2,5,9,9,2,1,1,3,1,2,4,1,4,2,3,0,0,0,11,6,0,0,0
3/27/2026 17:17:51,Lyes.rabhi.020@gmail.com,26,Male,Master,Paris Creteil,Computer Sience,Option 4,6,3,9,9,6,1,1,3,1,1,1,5,5,3,5,2,4,0,0,5,6,4,2,0
3/27/2026 17:27:49,arslanlrb@gmail.com,22,Male,Master,Paris Creteil,Computer Sience,Option 4,7,5,3,8,2,1,1,1,1,1,2,3,2,1,1,1,0,7,1,0,3,7,0,0
3/27/2026 17:28:05,,24,Male,Master,Paris Creteil,Computer Sience,Option 4,4,2,1,9,6,3,4,3,4,1,4,4,3,3,4,2,20,2,0,11,1,0,0,0
3/27/2026 17:33:31,moringen1005@gmail.com,25,Male,Master,Paris Creteil,Computer Sience,Option 4,4,9,5,6,3,2,2,4,2,2,2,4,4,2,4,4,2,0,0,29,4,0,4,0
3/27/2026 17:44:14,belbachirkaoutar18@gmail.com,23,Female,Master,Paris Creteil,Computer Sience,Option 4,4,4,1,7,6,2,3,3,3,3,2,5,4,3,4,3,9,0,0,5,4,3,0,0
3/27/2026 21:19:10,,27,Male,Master,Paris Creteil,Engineering,Option 1,4,2,5,7,5,2,3,3,5,1,3,5,5,3,2,1,21,29,15,15,15,24,3,0
3/30/2026 13:11:52,,18,Male,Bachelor,Universität Münster,Law,Option 4,4,8,1,9,7,2,1,1,2,1,1,2,3,1,1,2,0,0,0,2,0,0,0,0
4/1/2026 12:17:39,fanghelena@outlook.com,20,Female,Bachelor,ETHZ,Math/Physics,Option 4,5,2,4,7,5,3,3,4,4,3,4,4,4,2,2,2,1,0,0,0,2,0,0,0
4/1/2026 12:18:09,doreen.salur@gmail.com,21,Female,Bachelor,ETHZ,Math/Physics,Option 4,9,3,2,5,5,5,4,5,4,3,5,4,5,5,5,5,21,13,0,6,5,0,0,0
4/1/2026 12:18:26,,27,Male,PhD,ETHZ,Computer Sience,Option 4,5,6,5,6,9,3,3,2,4,2,4,4,4,2,2,4,12,0,0,0,29,0,0,0
4/1/2026 12:18:35,carschmidt15@gmail.com,21,Male,Bachelor,UZH,Buisness/Finance/Management,Option 4,2,4,6,8,6,1,2,3,2,2,1,2,4,2,3,2,1,0,0,3,9,0,0,0
4/1/2026 12:20:46,,21,Male,Master,ETHZ,Computer Sience,Option 4,5,5,1,7,7,2,2,3,2,1,1,3,3,2,2,3,5,0,0,15,4,0,0,0
4/1/2026 12:20:48,quentinbordier43@gmail.com,24,Male,PhD,ETHZ,Computer Sience,Option 4,8,5,4,9,12,3,2,1,1,1,1,3,4,2,3,2,0,0,0,10,5,0,0,0
4/1/2026 12:21:01,,24,Female,Bachelor,UZH,Buisness/Finance/Management,Option 4,6,6,5,6,4,3,3,2,3,1,1,5,4,3,5,3,2,0,0,0,3,0,0,0
4/1/2026 12:21:34,rherzal@ethz.ch,23,Male,Master,ETHZ,Engineering,Option 4,7,4,5,6,5,4,3,4,4,3,2,4,4,4,4,2,39,28,0,23,17,0,20,0
4/1/2026 12:22:44,nully.pittroff@gmail.com,24,Male,Master,ETHZ,Engineering,Option 4,5,6,4,9,8,3,5,4,2,2,1,2,3,3,4,2,7,0,0,0,8,0,0,0
4/1/2026 12:23:07,elsa.lorenzo@bluewin.ch,20,Female,Bachelor,ETHZ,Math/Physics,Option 4,7,4,1,7,9,1,2,1,4,1,3,3,2,2,2,3,1,10,0,0,18,0,0,0
4/1/2026 12:23:17,linnea.foelster07@gmail.com,19,Female,Bachelor,ETHZ,Math/Physics,Option 4,7,4,1,7,8,1,2,1,3,1,2,3,2,2,1,3,6,9,0,0,7,0,0,0
4/1/2026 12:23:18,kolencikova.sim@gmail.com,35,Female,PhD,ETHZ,Computer Sience,Option 4,7,6,1,9,3,2,4,1,5,2,2,4,5,4,4,4,20,0,0,10,0,0,0,0
4/1/2026 12:24:03,draonic@student.ethz.ch,22,Male,Master,ETHZ,Engineering,Option 4,5,7,4,8,8,4,2,2,5,2,4,2,3,2,2,2,4,0,0,4,19,0,2,0
4/1/2026 12:24:19,fabfinkrive@gmail.com,18,Male,Bachelor,ETHZ,Engineering,Option 4,5,1,4,8,7,1,4,3,5,2,4,2,1,2,1,4,4,0,0,18,4,0,0,0
4/1/2026 12:24:21,,19,Male,Bachelor,ETHZ,Engineering,Option 4,7,4,2,6,9,1,2,2,1,1,3,4,5,2,4,3,17,0,0,0,44,0,0,0
4/1/2026 12:24:43,pa.public@icloud.com,22,Female,Master,ETHZ,Engineering,Option 4,6,6,5,8,7,1,1,3,3,1,5,2,1,3,1,2,0,0,5,4,8,0,0,0
4/1/2026 12:24:56,,25,Female,Master,ETHZ,Engineering,Option 4,4,4,5,8,9,1,1,2,2,2,1,3,3,3,3,2,0,0,0,6,2,0,0,0
4/1/2026 12:25:10,Hannes.seibert@icloud.com,18,Male,Bachelor,UZH,Communication,Option 4,6,11,5,6,1,3,4,4,3,2,2,4,2,2,3,2,16,12,0,6,12,0,0,0
4/1/2026 12:25:41,leo.sperber@epfl.ch,25,Male,Master,EPFL,Engineering,Option 4,2,4,5,7,7,2,1,2,1,1,1,4,2,1,2,3,0,0,0,1,1,0,0,0
4/1/2026 12:27:01,simone.martinecz@gmail.com,29,Female,Master,UZH,Computer Sience,Option 4,9,6,5,9,9,1,2,3,1,1,2,3,3,1,2,1,1,0,0,4,6,0,0,0
4/1/2026 12:27:08,,18,Male,Bachelor,UZH,Philosophy,Option 4,5,1,5,6,4,3,4,3,4,2,2,5,4,3,5,4,7,0,1,5,3,0,5,0
4/1/2026 12:27:59,ohaas61@gmail.com,22,Male,Bachelor,UZH,Computer Sience,Option 4,9,7,5,6,8,1,4,1,5,1,3,4,3,1,1,4,8,8,7,10,5,0,7,0
4/1/2026 12:28:40,sven.rohan@bluewin.ch,23,Male,Bachelor,UZH,Computer Sience,Option 4,6,5,4,6,3,2,3,4,4,1,4,3,5,2,4,4,1,0,0,3,4,0,15,0
4/1/2026 12:29:43,ga.li@icloud.com,18,Male,Bachelor,UZH,Computer Sience,Option 4,8,4,4,6,7,3,3,5,4,3,4,3,4,3,3,4,9,0,0,28,9,0,0,0
4/1/2026 12:29:47,,32,Male,Post Doc,ETHZ,Computer Sience,Option 4,5,5,1,7,12,2,4,3,3,2,3,4,4,4,4,4,7,0,0,0,3,8,0,0
4/1/2026 12:29:59,noel.gehrig@uzh.ch,21,Male,Bachelor,UZH,Computer Sience,Option 4,4,4,4,7,5,4,2,4,4,1,4,5,5,2,4,5,27,0,19,25,7,0,12,0
4/1/2026 12:30:25,jingtang.yao@uzh.ch,19,Male,Bachelor,UZH,History,Option 4,5,3,6,6,6,4,4,5,2,3,4,3,4,4,3,2,10,0,0,22,11,4,23,0
4/1/2026 12:31:50,fionadarina.beck@uzh.ch,20,Female,Bachelor,UZH,Languages/Literature,Option 4,5,6,4,8,7,2,1,3,1,1,1,4,5,3,3,3,0,0,0,0,10,0,0,0
4/1/2026 12:32:52,ileniadesimone9@gmail.com,20,Female,Bachelor,UZH,Languages/Literature,Option 4,5,7,6,7,6,2,1,3,1,1,1,3,3,2,3,3,1,9,0,4,12,0,0,0
4/1/2026 12:33:41,annalisa.gloor@uzh.ch,19,Female,Bachelor,UZH,Social Studies/Gender Studies,Option 4,9,6,5,6,7,1,1,2,4,1,1,4,3,2,2,3,0,0,0,0,5,0,0,0
4/1/2026 12:33:50,memmenegge@ethz.ch,21,Male,Bachelor,ETHZ,Engineering,Option 4,5,4,4,7,9,2,2,2,1,1,1,2,3,1,1,3,0,0,0,4,5,0,0,0
4/1/2026 12:34:03,,22,Male,Bachelor,ETHZ,Engineering,Option 4,8,4,5,9,7,3,2,2,3,2,2,4,4,1,2,3,0,0,0,9,8,0,0,0
4/1/2026 12:37:24,dietzj@student.ethz.ch,22,Male,Bachelor,ETHZ,Engineering,Option 4,4,2,3,6,7,2,1,2,3,1,2,3,3,1,2,2,0,0,0,12,1,0,3,0
4/1/2026 12:37:44,bescheiden_quarks2z@icloud.com,18,Male,Bachelor,ETHZ,Engineering,Option 4,8,2,3,6,7,2,1,2,5,1,3,4,4,2,2,4,0,0,0,18,1,0,4,0
4/1/2026 12:44:28,romeomastroberardino@gmail.com,20,Male,Bachelor,UZH,Buisness/Finance/Management,Option 4,4,9,5,9,5,2,4,3,2,4,4,4,2,3,2,2,6,7,0,8,4,0,0,0
4/1/2026 12:45:58,,29,Male,Master,ETHZ,Engineering,Option 4,3,8,2,9,4,1,1,2,2,1,1,2,2,2,2,2,0,0,0,14,2,0,0,0
4/1/2026 12:48:47,,26,Male,Master,ETHZ,Engineering,Option 4,8,4,6,6,2,1,2,1,3,1,4,5,3,2,2,2,14,0,0,13,2,0,27,0
4/1/2026 12:49:47,loupidupi@gmail.com,23,Non Binary,Bachelor,UZH,Languages/Literature,Option 4,6,5,5,9,1,2,4,5,4,4,4,5,5,5,5,4,13,0,0,14,16,0,0,0
4/1/2026 12:52:16,,28,Male,PhD,ETHZ,Computer Sience,Option 4,1,6,5,8,2,1,1,1,2,1,2,2,2,2,1,3,0,0,0,5,5,0,0,0
4/1/2026 12:57:08,manser.jan@hispeed.ch,23,Male,Bachelor,UZH,Law,Option 4,7,2,4,6,6,2,1,1,4,3,4,5,2,1,5,5,14,0,10,30,14,0,3,5
4/1/2026 13:00:19,hlegros@ethz.ch,23,Male,Master,ETHZ,Engineering,Option 4,9,3,7,9,5,1,1,1,1,1,1,3,1,3,1,1,3,0,0,3,4,0,0,0
4/1/2026 13:07:54,,20,Female,Bachelor,ETHZ,Environnemental Studies,Option 4,5,4,4,9,6,2,3,2,2,1,1,2,3,1,1,1,15,0,0,0,5,0,0,0
4/1/2026 13:11:25,,20,Female,Bachelor,ETHZ,Environnemental Studies,Option 4,7,4,1,8,5,1,1,3,1,1,2,5,3,2,1,2,4,0,0,0,9,0,0,0
4/1/2026 13:39:21,,26,Male,Master,UZH,Psychology,Option 4,5,4,4,6,6,1,3,2,4,1,3,2,4,1,2,2,14,0,0,22,5,0,0,0
4/1/2026 14:56:44,jasina.004@gmail.com,21,Female,Bachelor,UZH,Social Studies/Gender Studies,Option 4,12,6,5,9,3,4,4,4,5,2,5,4,4,1,1,1,1,5,4,3,4,0,0,0
4/1/2026 18:26:57,,22,Male,Master,ETHZ,Engineering,Option 4,3,8,5,6,8,3,2,2,2,1,1,2,2,2,1,1,0,0,0,1,1,0,0,0
